test,original_mean,original_sd,refuted_mean,refuted_sd
cate_placebo,-0.025020882529458947,0.16827651950967476,-0.0018787269811287627,0.035652828582574424
