group,n,gate,se,ci_low,ci_high,mean_tau_hat,true_gate,true_se,true_ci_low,true_ci_high
Q1 (prenatal visits),8604,-0.02321289925569193,0.008202410648615368,-0.03928962412697805,-0.007136174384405811,-0.023589537418130795,-0.024407252440725245,0.00358791945387782,-0.03143957457032577,-0.01737493031112472
Q2 (prenatal visits),1418,-0.03397243594177096,0.015164368577951575,-0.06369459835455604,-0.004250273528985875,-0.02560448358277063,-0.027503526093088856,0.007529930730588407,-0.04226219032504214,-0.01274486186113558
Q3 (prenatal visits),1962,-0.02541476479382324,0.012123832442263373,-0.049177476380659446,-0.0016520532069870288,-0.025564609655378025,-0.027013251783893986,0.006439987250264798,-0.03963562679441299,-0.014390876773374982
